ISLAND,TRANSECTID,OCC_SITEID,REA_SITE,SITE_DEPTH_M,LATITUDE,LONGITUDE,REGION,STATUS
AGR,AGR-N,OCC-AGR-001,AGR-04,14,18.80745,145.64871,CNMI,Active
AGR,,OCC-AGR-002,AGR-07,14.3,18.79776,145.68767,CNMI,Active
AGR,,OCC-AGR-003,AGR-01,14.6,18.74842,145.6946,CNMI,Active
AGR,AGR-S,OCC-AGR-004,AGR-02,9.1,18.72673,145.66317,CNMI,Active
AGR,,OCC-AGR-005,AGR-06,9.1,18.75727,145.64035,CNMI,Active
AGR,,OCC-AGR-006,,1.5,18.76656,145.63819,CNMI,Inactive
AGU,,OCC-AGU-001,,7.5,14.84775,145.53722,CNMI,Active
AGU,,OCC-AGU-002,,10,14.83502,145.53263,CNMI,Inactive
ALA,,OCC-ALA-001,,16.2,17.61484,145.84253,CNMI,Active
ALA,,OCC-ALA-002,,6.7,17.58746,145.81869,CNMI,Active
ALA,,OCC-ALA-003,,3,17.61873,145.8234,CNMI,Inactive
ANA,,OCC-ANA-001,,4,16.33289,145.7027,CNMI,Active
ANA,,OCC-ANA-002,,5.5,16.33462,145.64532,CNMI,Inactive
ASC,,OCC-ASC-001,ASC-04,13.7,19.70841,145.40303,CNMI,Active
ASC,ASC-E,OCC-ASC-002,,11.9,19.69984,145.41759,CNMI,Active
ASC,,OCC-ASC-003,ASC-20,12.5,19.67693,145.41079,CNMI,Active
ASC,,OCC-ASC-004,ASC-02,10.1,19.68034,145.39133,CNMI,Active
ASC,,OCC-ASC-005,ASC-06,14,19.69025,145.38852,CNMI,Active
ASC,,OCC-ASC-006,,4,19.69338,145.38965,CNMI,Active
ASC,ASC-E,OCC-ASC-007,,29.6,19.69956,145.41851,CNMI,Inactive
ASC,,OCC-ASC-008,ASC-03,14.8,19.7017,145.39365,CNMI,Inactive
AUAU,,OCC-AUAU-001,,45.3,20.80608,-156.6497,MHI,Inactive
AUAU,,OCC-AUAU-002,,36.4,20.80608,-156.6497,MHI,Inactive
AUAU,,OCC-AUAU-003,,27.9,20.80608,-156.6497,MHI,Inactive
AUAU,,OCC-AUAU-004,,54.4,20.80608,-156.6497,MHI,Inactive
AUAU,,OCC-AUAU-005,,58.3,20.80937,-156.68153,MHI,Inactive
AUAU,,OCC-AUAU-006,,49.1,20.80937,-156.68153,MHI,Inactive
AUAU,,OCC-AUAU-007,,40.9,20.80937,-156.68153,MHI,Inactive
AUAU,,OCC-AUAU-008,,67.4,20.80937,-156.68153,MHI,Inactive
AUAU,,OCC-AUAU-009,,112.4,20.77162,-156.67068,MHI,Inactive
AUAU,,OCC-AUAU-010,,92.8,20.77162,-156.67068,MHI,Inactive
AUAU,,OCC-AUAU-011,,102.8,20.77162,-156.67068,MHI,Inactive
AUAU,,OCC-AUAU-012,,121.7,20.77162,-156.67068,MHI,Inactive
AUAU,,OCC-AUAU-013,,82.8,20.77813,-156.67362,MHI,Inactive
AUAU,,OCC-AUAU-014,,53.3,20.77813,-156.67362,MHI,Inactive
AUAU,,OCC-AUAU-015,,63.6,20.77813,-156.67362,MHI,Inactive
AUAU,,OCC-AUAU-016,,73.2,20.77813,-156.67362,MHI,Inactive
AUAU,,OCC-AUAU-017,,78,20.81208,-156.71048,MHI,Inactive
BAK,BAK-N,OCC-BAK-001,,25.6,0.20641,-176.47583,PRIA,Active
BAK,BAK-N,OCC-BAK-002,,13.7,0.20494,-176.47651,PRIA,Active
BAK,BAK-N,OCC-BAK-003,BAK-14,15.2,0.20532,-176.47439,PRIA,Active
BAK,BAK-E,OCC-BAK-004,,23.5,0.19151,-176.45643,PRIA,Active
BAK,BAK-E,OCC-BAK-005,,14,0.19159,-176.46014,PRIA,Active
BAK,BAK-E,OCC-BAK-006,,4.3,0.19404,-176.46729,PRIA,Active
BAK,,OCC-BAK-007,BAK-50,14.9,0.18702,-176.4705,PRIA,Active
BAK,,OCC-BAK-008,BAK-02,14.6,0.1883,-176.47988,PRIA,Active
BAK,BAK-W,OCC-BAK-009,,25.6,0.19178,-176.48887,PRIA,Active
BAK,BAK-W,OCC-BAK-010,,14.3,0.19181,-176.48867,PRIA,Active
BAK,,OCC-BAK-011,BAK-11,15.2,0.1989,-176.485,PRIA,Active
BAK,BAK-W,OCC-BAK-012,,5.2,0.19182,-176.48851,PRIA,Inactive
BAK,BAK-N,OCC-BAK-013,,5.2,0.20357,-176.47609,PRIA,Inactive
BAK,BAK-E,OCC-BAK-014,BAK-16,11.3,0.19459,-176.46281,PRIA,Inactive
BAK,BAK-N,OCC-BAK-015,,17.4,0.20539,-176.47587,PRIA,Inactive
BAK,BAK-S,OCC-BAK-016,,5.5,0.18783,-176.47476,PRIA,Inactive
BAK,BAK-W,OCC-BAK-017,,9.1,0.1918,-176.4886,PRIA,Inactive
BAK,BAK-W,OCC-BAK-018,,18.6,0.19176,-176.48872,PRIA,Inactive
BAK,,OCC-BAK-019,,18.9,0.18994,-176.46012,PRIA,Inactive
BAK,,OCC-BAK-020,,0.2,0.18995,-176.46015,PRIA,Inactive
BAK,BAK-S,OCC-BAK-021,,2.4,0.18797,-176.47474,PRIA,Inactive
BAK,,OCC-BAK-022,BAK-09,17,0.1868,-176.47007,PRIA,Inactive
FDP,FDP-SE,OCC-FDP-001,,14.9,20.53755,144.89951,CNMI,Active
FDP,,OCC-FDP-002,,14,20.54518,144.88572,CNMI,Active
FDP,FDP-SE,OCC-FDP-003,,10.7,20.53791,144.89858,CNMI,Inactive
FDP,FDP-W,OCC-FDP-004,,18.6,20.5452,144.88556,CNMI,Inactive
FDP,FDP-W,OCC-FDP-005,,31.7,20.54528,144.88533,CNMI,Inactive
FDP,FDP-SE,OCC-FDP-006,,32.3,20.53724,144.9003,CNMI,Inactive
FDP,,OCC-FDP-007,,1.5,20.53712,144.89767,CNMI,Inactive
FFP,,OCC-FFP-001,,17.7,21.68675,-160.60316,MHI,Inactive
FFS,FFS-N,OCC-FFS-001,,24.4,23.87852,-166.29093,NWHI,Active
FFS,FFS-N,OCC-FFS-002,FFS-42,17.7,23.87815,-166.29107,NWHI,Active
FFS,FFS-N,OCC-FFS-003,,6.4,23.8756,-166.29175,NWHI,Active
FFS,,OCC-FFS-004,FFS-43,16.8,23.88021,-166.27707,NWHI,Active
FFS,,OCC-FFS-005,,2.7,23.86608,-166.21969,NWHI,Active
FFS,FFS-E,OCC-FFS-006,,26.5,23.83664,-166.11706,NWHI,Active
FFS,FFS-E,OCC-FFS-007,FFS-44,18,23.83513,-166.11689,NWHI,Active
FFS,FFS-E,OCC-FFS-008,,4.6,23.83024,-166.12027,NWHI,Active
FFS,FFS-S,OCC-FFS-009,,27.4,23.63488,-166.18569,NWHI,Active
FFS,FFS-S,OCC-FFS-010,FFS-40,14.3,23.63669,-166.18518,NWHI,Active
FFS,FFS-S,OCC-FFS-011,,6.7,23.64113,-166.17979,NWHI,Active
FFS,FFS-S,OCC-FFS-012,,1.5,23.64513,-166.17376,NWHI,Inactive
FFS,,OCC-FFS-013,,4.6,23.76894,-166.26134,NWHI,Inactive
FFS,FFS-W,OCC-FFS-014,FFS-41,12.5,23.79247,-166.25372,NWHI,Inactive
FFS,FFS-W,OCC-FFS-015,,4.6,23.79184,-166.23322,NWHI,Inactive
FFS,,OCC-FFS-016,,2.7,23.73813,-166.1675,NWHI,Inactive
FFS,,OCC-FFS-017,,24.1,23.63498,-166.18556,NWHI,Inactive
FFS,,OCC-FFS-018,,2.1,23.82794,-166.12122,NWHI,Inactive
FFS,,OCC-FFS-019,,10.1,23.76887,-166.26197,NWHI,Inactive
FFS,,OCC-FFS-020,,0.2,23.85626,-166.27519,NWHI,Inactive
FFS,FFS-S,OCC-FFS-021,,10.4,23.63881,-166.1797,NWHI,Inactive
FFS,,OCC-FFS-022,FFS-72,8.8,23.88049,-166.27307,NWHI,Inactive
FFS,,OCC-FFS-023,,7.3,23.85626,-166.27516,NWHI,Inactive
FFS,,OCC-FFS-024,,7.9,23.85676,-166.27187,NWHI,Inactive
FFS,,OCC-FFS-025,,2.1,23.73815,-166.16685,NWHI,Inactive
FFS,,OCC-FFS-026,,0.9,23.85675,-166.27163,NWHI,Inactive
FFS,FFS-S,OCC-FFS-027,,2,23.64478,-166.1735,NWHI,Inactive
FFS,,OCC-FFS-028,FFS-12,11.6,23.63835,-166.18005,NWHI,Inactive
FFS,"
",OCC-FFS-029,FFS-21,12.2,23.84688,-166.32697,NWHI,Inactive
FFS,,OCC-FFS-030,FFS-34,9.1,23.62792,-166.13538,NWHI,Inactive
FFS,,OCC-FFS-031,FFS-83,8.2,23.76928,-166.26173,NWHI,Inactive
FFS,,OCC-FFS-032,,237.7,23.6373,-166.2632166,NWHI,Inactive
FFS,,OCC-FFS-033,,113.4,23.743611,-166.396389,NWHI,Inactive
GAR,,OCC-GAR-001,,10.7,24.9988,-167.99958,NWHI,Inactive
GUA,GUA-N,OCC-GUA-001,,23.8,13.60387,144.92395,CNMI,Active
GUA,GUA-N,OCC-GUA-002,GUA-23,15.5,13.60334,144.92367,CNMI,Active
GUA,GUA-N,OCC-GUA-003,,5.8,13.60229,144.9234,CNMI,Active
GUA,GUA-E,OCC-GUA-004,,24.7,13.47379,144.86602,CNMI,Active
GUA,GUA-E,OCC-GUA-005,GUA-22,16.5,13.4752,144.86489,CNMI,Active
GUA,GUA-E,OCC-GUA-006,,4.6,13.47596,144.86356,CNMI,Active
GUA,,OCC-GUA-007,GUA-13,12.8,13.29149,144.76768,CNMI,Active
GUA,GUA-S,OCC-GUA-008,,25.6,13.24083,144.70444,CNMI,Active
GUA,GUA-S,OCC-GUA-009,GUA-21,13.7,13.24121,144.70449,CNMI,Active
GUA,GUA-S,OCC-GUA-010,,4.6,13.24216,144.70398,CNMI,Active
GUA,GUA-S,OCC-GUA-011,,1.2,13.24343,144.70053,CNMI,Active
GUA,,OCC-GUA-012,GUA-12,12.8,13.4488,144.62593,CNMI,Active
GUA,,OCC-GUA-013,,1.2,13.47556,144.69917,CNMI,Active
GUA,GUA-W,OCC-GUA-014,,25,13.52894,144.80018,CNMI,Active
GUA,GUA-W,OCC-GUA-015,GUA-20,14.3,13.52896,144.80035,CNMI,Active
GUA,GUA-W,OCC-GUA-016,,12.5,13.52902,144.80047,CNMI,Active
GUA,GUA-W,OCC-GUA-017,,5.2,13.52886,144.8013,CNMI,Active
GUA,,OCC-GUA-018,,0.3,13.52902,144.80047,CNMI,Inactive
GUA,,OCC-GUA-019,,8.5,13.63241,144.89296,CNMI,Inactive
GUA,,OCC-GUA-020,,0.3,13.51902,144.79778,CNMI,Inactive
GUA,,OCC-GUA-021,GUA-02,14.6,13.30528,144.65307,CNMI,Inactive
GUA,,OCC-GUA-022,GUA-05,10.5,13.57865,144.82843,CNMI,Inactive
GUA,,OCC-GUA-023,GUA-08,12.9,13.4888,144.87747,CNMI,Inactive
GUG,,OCC-GUG-001,,15.2,17.31068,145.85364,CNMI,Active
GUG,GUG-W,OCC-GUG-002,,15.8,17.30753,145.83081,CNMI,Active
GUG,GUG-W,OCC-GUG-003,,6.7,17.30734,145.83139,CNMI,Active
HAW,HAW-N,OCC-HAW-001,,24.7,20.27026,-155.86099,MHI,Active
HAW,HAW-N,OCC-HAW-002,HAW-41,14,20.26822,-155.86041,MHI,Active
HAW,,OCC-HAW-003,HAW-44,13.1,19.74696,-155.05803,MHI,Inactive
HAW,,OCC-HAW-004,HAW-45,12.8,19.66471,-154.97473,MHI,Inactive
HAW,HAW-E,OCC-HAW-005,,24.4,19.48632,-154.81673,MHI,Inactive
HAW,HAW-E,OCC-HAW-006,HAW-46,11.9,19.48638,-154.81766,MHI,Inactive
HAW,HAW-S,OCC-HAW-007,,25.6,19.05802,-155.55022,MHI,Active
HAW,HAW-S,OCC-HAW-008,HAW-48,14.9,19.06071,-155.55237,MHI,Active
HAW,HAW-W,OCC-HAW-009,,24.1,19.24418,-155.90043,MHI,Active
HAW,HAW-W,OCC-HAW-010,HAW-43,14.3,19.2443,-155.90028,MHI,Active
HAW,HAW-W,OCC-HAW-011,,5.2,19.24446,-155.89974,MHI,Active
HAW,,OCC-HAW-012,HAW-73,14.6,19.88457,-155.91391,MHI,Inactive
HAW,,OCC-HAW-013,HAW-49,14.6,19.93093,-155.89203,MHI,Inactive
HAW,,OCC-HAW-014,HAW-42,13.7,20.24913,-155.89095,MHI,Inactive
HAW,,OCC-HAW-015,,15.2,19.20991,-155.90137,MHI,Inactive
HAW,,OCC-HAW-016,HAW-47,15.8,19.39414,-154.92416,MHI,Inactive
HAW,,OCC-HAW-017,,17.7,19.07381,-155.90162,MHI,Inactive
HAW,,OCC-HAW-018,,13.7,18.92253,-155.68431,MHI,Inactive
HAW,,OCC-HAW-019,,10.1,20.19118,-155.90352,MHI,Inactive
HAW,,OCC-HAW-020,,14.3,19.13292,-155.50222,MHI,Inactive
HOW,,OCC-HOW-001,HOW-13,12.8,0.81991,-176.6162,PRIA,Active
HOW,HOW-E,OCC-HOW-002,,25,0.80941,-176.61044,PRIA,Active
HOW,HOW-E,OCC-HOW-003,HOW-12,14.6,0.80936,-176.61063,PRIA,Active
HOW,HOW-E,OCC-HOW-004,,5.2,0.80916,-176.61097,PRIA,Active
HOW,,OCC-HOW-005,HOW-11,13.7,0.7989,-176.6205,PRIA,Active
HOW,HOW-W,OCC-HOW-006,,25,0.80651,-176.62155,PRIA,Active
HOW,HOW-W,OCC-HOW-007,,14.3,0.80654,-176.62148,PRIA,Active
HOW,HOW-W,OCC-HOW-008,,5.2,0.80662,-176.62141,PRIA,Active
HOW,,OCC-HOW-009,HOW-14,14.6,0.81492,-176.62399,PRIA,Active
HOW,HOW-W,OCC-HOW-010,,38.4,0.80649,-176.62148,PRIA,Inactive
HOW,HOW-W,OCC-HOW-011,,19.8,0.80646,-176.62153,PRIA,Inactive
HOW,,OCC-HOW-012,,18.9,0.82351,-176.62216,PRIA,Inactive
HOW,,OCC-HOW-013,,4.9,0.8109,-176.61152,PRIA,Inactive
HOW,,OCC-HOW-014,,0.3,0.79485,-176.61122,PRIA,Inactive
HOW,,OCC-HOW-015,,0.3,0.82327,-176.6243,PRIA,Inactive
HOW,,OCC-HOW-016,HOW-05,13.7,0.8042,-176.6215,PRIA,Inactive
JAR,JAR-N,OCC-JAR-001,JAR-08,14.6,-0.36307,-159.99115,PRIA,Active
JAR,JAR-NE,OCC-JAR-002,,24.1,-0.36759,-159.97883,PRIA,Active
JAR,JAR-NE,OCC-JAR-003,JAR-01,15.5,-0.36776,-159.97879,PRIA,Active
JAR,JAR-E,OCC-JAR-004,,24.1,-0.3751,-159.97229,PRIA,Active
JAR,JAR-E,OCC-JAR-005,,12.8,-0.37509,-159.97245,PRIA,Active
JAR,JAR-E,OCC-JAR-006,,4.9,-0.37394,-159.98337,PRIA,Active
JAR,JAR-S,OCC-JAR-007,,24.1,-0.38241,-160.00293,PRIA,Active
JAR,JAR-S,OCC-JAR-008,JAR-04,14.6,-0.38234,-160.00298,PRIA,Active
JAR,JAR-S,OCC-JAR-009,,5.2,-0.38153,-160.00288,PRIA,Active
JAR,,OCC-JAR-010,,14.3,-0.3792,-160.01552,PRIA,Active
JAR,,OCC-JAR-011,JAR-07,14.6,-0.3764,-160.0144,PRIA,Active
JAR,JAR-W,OCC-JAR-012,,23.8,-0.36897,-160.00825,PRIA,Active
JAR,JAR-W,OCC-JAR-013,JAR-11,14.9,-0.36896,-160.00812,PRIA,Active
JAR,JAR-W,OCC-JAR-014,,5.8,-0.36906,-160.00796,PRIA,Active
JAR,JAR-W,OCC-JAR-015,,18.6,-0.36893,-160.00814,PRIA,Inactive
JAR,JAR-N,OCC-JAR-016,,9.8,-0.36324,-159.99114,PRIA,Inactive
JAR,JAR-N,OCC-JAR-017,,29.3,-0.36291,-159.99118,PRIA,Inactive
JAR,JAR-NE,OCC-JAR-018,,11.3,-0.36782,-159.97911,PRIA,Inactive
JAR,JAR-E,OCC-JAR-019,,33.2,-0.37505,-159.97227,PRIA,Inactive
JAR,,OCC-JAR-020,,0.2,-0.37947,-159.97845,PRIA,Inactive
JAR,,OCC-JAR-021,,9.1,-0.37947,-159.97845,PRIA,Inactive
JAR,JAR-SE,OCC-JAR-022,,10.1,-0.38187,-159.99663,PRIA,Inactive
JAR,JAR-SE,OCC-JAR-023,,32.3,-0.38209,-159.99663,PRIA,Inactive
JAR,JAR-E,OCC-JAR-024,,10.1,-0.37568,-159.97453,PRIA,Inactive
JAR,JAR-W,OCC-JAR-025,,10.1,-0.36889,-160.00808,PRIA,Inactive
JAR,JAR-W,OCC-JAR-026,,32.3,-0.36889,-160.00835,PRIA,Inactive
JAR,,OCC-JAR-027,,0.3,-0.37555,-159.97426,PRIA,Inactive
JAR,JAR-E,OCC-JAR-028,,13.7,-0.37558,-159.97435,PRIA,Inactive
JAR,,OCC-JAR-029,,0.3,-0.3754,-159.9737,PRIA,Inactive
JAR,,OCC-JAR-030,JAR-10,13.7,-0.38055,-159.9731,PRIA,Inactive
JOH,JOH-N,OCC-JOH-001,,24.7,16.7864,-169.46085,PRIA,Active
JOH,JOH-N,OCC-JOH-002,,15.5,16.78616,-169.46084,PRIA,Active
JOH,JOH-N,OCC-JOH-003,,6.1,16.78491,-169.46112,PRIA,Active
JOH,,OCC-JOH-004,JOH-07,12.2,16.7116,-169.47961,PRIA,Active
JOH,JOH-S,OCC-JOH-005,,25,16.67068,-169.52682,PRIA,Active
JOH,JOH-S,OCC-JOH-006,JOH-56,15.2,16.69167,-169.527,PRIA,Active
JOH,JOH-S,OCC-JOH-007,,5.2,16.7217,-169.52435,PRIA,Active
JOH,JOH-W,OCC-JOH-008,,24.7,16.73615,-169.55146,PRIA,Active
JOH,JOH-W,OCC-JOH-009,,14.9,16.73536,-169.55117,PRIA,Active
JOH,JOH-W,OCC-JOH-010,,1.2,16.7328,-169.5467,PRIA,Active
JOH,,OCC-JOH-011,JOH-10,14.6,16.76343,-169.5119,PRIA,Active
JOH,,OCC-JOH-012,,3,16.71479,-169.55503,PRIA,Inactive
JOH,,OCC-JOH-013,,2.7,16.74807,-169.52672,PRIA,Inactive
JOH,,OCC-JOH-014,,23.6,16.67025,-169.56607,PRIA,Inactive
JOH,,OCC-JOH-015,,8.8,16.75957,-169.49969,PRIA,Inactive
JOH,,OCC-JOH-016,,0.2,16.75957,-169.49969,PRIA,Inactive
JOH,,OCC-JOH-017,,2.4,16.74064,-169.48522,PRIA,Inactive
JOH,,OCC-JOH-018,JOH-09,8.1,16.7286,-169.48565,PRIA,Inactive
JOH,,OCC-JOH-019,JOH-11,9.5,16.72188,-169.52398,PRIA,Inactive
JOH,,OCC-JOH-020,JOH-12,11.4,16.74728,-169.52397,PRIA,Inactive
KAU,KAU-E,OCC-KAU-001,,22.9,21.99821,-159.3279,MHI,Active
KAU,KAU-E,OCC-KAU-002,,14.9,21.99846,-159.32854,MHI,Active
KAU,KAU-S,OCC-KAU-003,,25.3,21.87575,-159.52532,MHI,Active
KAU,KAU-S,OCC-KAU-004,KAU-22,15.8,21.87667,-159.5255,MHI,Active
KAU,KAU-S,OCC-KAU-005,,5.5,21.88223,-159.52549,MHI,Active
KAU,KAU-NW,OCC-KAU-006,,26.2,22.17144,-159.68715,MHI,Active
KAU,KAU-NW,OCC-KAU-007,KAU-21,14.6,22.16845,-159.68573,MHI,Active
KAU,KAU-NW,OCC-KAU-008,,5.2,22.16451,-159.68329,MHI,Inactive
KAU,,OCC-KAU-010,,6.1,21.86884,-159.44746,MHI,Inactive
KAU,,OCC-KAU-011,,18.6,22.13799,-159.76134,MHI,Inactive
KAU,,OCC-KAU-012,,25.5,22.12336,-159.77701,MHI,Inactive
KAU,,OCC-KAU-013,,2.1,22.22839,-159.55998,MHI,Inactive
KAU,,OCC-KAU-014,,14,22.23573,-159.47188,MHI,Inactive
KAU,,OCC-KAU-015,,15.2,22.21593,-159.5135,MHI,Inactive
KAU,,OCC-KAU-016,,14.9,22.16533,-159.29895,MHI,Inactive
KIM,,OCC-KIM-001,,3.7,-5.32534,150.29812,CORALTRI,Inactive
KIM,,OCC-KIM-002,,24.7,-5.32531,150.2982,CORALTRI,Inactive
KIM,,OCC-KIM-003,,11.3,-5.32532,150.29815,CORALTRI,Inactive
KIM,,OCC-KIM-004,,25.6,-5.20136,150.37786,CORALTRI,Inactive
KIM,,OCC-KIM-005,,25.3,-5.09039,150.19074,CORALTRI,Inactive
KIM,,OCC-KIM-006,,15.8,-5.09014,150.19086,CORALTRI,Inactive
KIM,,OCC-KIM-007,,4.9,-5.09003,150.1913,CORALTRI,Inactive
KIM,,OCC-KIM-008,,14.3,-5.29492,150.12828,CORALTRI,Inactive
KIM,,OCC-KIM-009,,4,-5.29489,150.1284,CORALTRI,Inactive
KIM,,OCC-KIM-010,,0.2,-5.15687,150.29904,CORALTRI,Inactive
KIM,,OCC-KIM-011,,25,-5.15688,150.29897,CORALTRI,Inactive
KIM,,OCC-KIM-012,,0.9,-5.29498,150.12847,CORALTRI,Inactive
KIM,,OCC-KIM-013,,36,-5.43687,150.09748,CORALTRI,Inactive
KIM,,OCC-KIM-014,,8.8,-5.20141,150.37778,CORALTRI,Inactive
KIM,,OCC-KIM-015,,0.9,-5.20151,150.37765,CORALTRI,Inactive
KIM,,OCC-KIM-016,,10.7,-5.0901,150.19177,CORALTRI,Inactive
KIM,,OCC-KIM-017,,2.7,-5.0901,150.19177,CORALTRI,Inactive
KIM,,OCC-KIM-018,,22.6,-5.29492,150.12813,CORALTRI,Inactive
KIM,,OCC-KIM-019,,8.8,-5.29492,150.12833,CORALTRI,Inactive
KIM,,OCC-KIM-020,,19.2,-5.43688,150.09748,CORALTRI,Inactive
KIM,,OCC-KIM-021,,7.3,-5.43687,150.09748,CORALTRI,Inactive
KIM,,OCC-KIM-022,,0,-5.43688,150.09682,CORALTRI,Inactive
KIN,KIN-N,OCC-KIN-001,,25.3,6.43938,-162.38783,PRIA,Active
KIN,KIN-N,OCC-KIN-002,KIN-04,14.3,6.43883,-162.38796,PRIA,Active
KIN,KIN-N,OCC-KIN-003,,6.1,6.43727,-162.38821,PRIA,Active
KIN,KIN-N,OCC-KIN-004,,0.9,6.42955,-162.38203,PRIA,Active
KIN,,OCC-KIN-005,KIN-16,7,6.39252,-162.34211,PRIA,Active
KIN,,OCC-KIN-006,KIN-11,14.6,6.38198,-162.3462,PRIA,Active
KIN,,OCC-KIN-007,,7.3,6.38263,-162.3593,PRIA,Active
KIN,KIN-S,OCC-KIN-008,,23.8,6.38213,-162.38403,PRIA,Active
KIN,KIN-S,OCC-KIN-009,KIN-13,13.4,6.38221,-162.38397,PRIA,Active
KIN,KIN-S,OCC-KIN-010,,5.8,6.38272,-162.38434,PRIA,Active
KIN,KIN-S,OCC-KIN-011,,1.5,6.38486,-162.37757,PRIA,Active
KIN,KIN-W,OCC-KIN-012,,24.7,6.4188,-162.43903,PRIA,Active
KIN,KIN-W,OCC-KIN-013,,14.6,6.41777,-162.43824,PRIA,Active
KIN,,OCC-KIN-014,KIN-62,14.6,6.40219,-162.38563,PRIA,Active
KIN,KIN-W,OCC-KIN-015,,17.7,6.41823,-162.43863,PRIA,Inactive
KIN,KIN-W,OCC-KIN-016,,33.5,6.41887,-162.43914,PRIA,Inactive
KIN,KIN-N,OCC-KIN-017,,7.9,6.43323,-162.37972,PRIA,Inactive
KIN,KIN-N,OCC-KIN-018,,5.2,6.42893,-162.38178,PRIA,Inactive
KIN,KIN-S,OCC-KIN-019,,3.7,6.38553,-162.3774,PRIA,Inactive
KIN,,OCC-KIN-020,KIN-07,10.1,6.40219,-162.38522,PRIA,Inactive
KIN,,OCC-KIN-021,,0.2,6.39242,-162.34221,PRIA,Inactive
KIN,,OCC-KIN-022,KIN-03,13.7,6.39025,-162.3604,PRIA,Inactive
KIN,,OCC-KIN-023,KIN-05,13.4,6.3947,-162.3463,PRIA,Inactive
KIN,,OCC-KIN-024,KIN-10,12.5,6.42038,-162.37942,PRIA,Inactive
KIN,,OCC-KIN-025,,11.6,6.387837,-162.348217,PRIA,Inactive
KIN,,OCC-KIN-026,,9.1,6.389912,-162.345686,PRIA,Inactive
KIN,,OCC-KIN-027,,7.6,6.391385,-162.347612,PRIA,Inactive
KUR,KUR-N,OCC-KUR-001,,25.9,28.45922,-178.34614,NWHI,Active
KUR,KUR-N,OCC-KUR-002,KUR-53,14.3,28.45291,-178.34711,NWHI,Active
KUR,KUR-N,OCC-KUR-003,,4.3,28.45054,-178.34551,NWHI,Active
KUR,,OCC-KUR-004,,0.9,28.44761,-178.30622,NWHI,Inactive
KUR,KUR-E,OCC-KUR-005,,25.3,28.43043,-178.28252,NWHI,Inactive
KUR,KUR-E,OCC-KUR-006,KUR-54,14.3,28.43037,-178.28523,NWHI,Inactive
KUR,KUR-E,OCC-KUR-007,,5.5,28.42968,-178.28817,NWHI,Inactive
KUR,,OCC-KUR-008,,18.3,28.39062,-178.28271,NWHI,Active
KUR,KUR-S,OCC-KUR-009,,24.7,28.38298,-178.34158,NWHI,Inactive
KUR,KUR-S,OCC-KUR-010,KUR-52,14.3,28.38506,-178.34087,NWHI,Inactive
KUR,KUR-S,OCC-KUR-011,,4.6,28.38721,-178.33932,NWHI,Inactive
KUR,KUR-W,OCC-KUR-012,,25.3,28.41087,-178.38372,NWHI,Active
KUR,KUR-W,OCC-KUR-013,KUR-51,15.2,28.40905,-178.3781,NWHI,Active
KUR,KUR-W,OCC-KUR-014,,5.2,28.41285,-178.37441,NWHI,Active
KUR,KUR-W,OCC-KUR-015,,0.9,28.42935,-178.36836,NWHI,Active
KUR,,OCC-KUR-016,KUR-50,15.5,28.42248,-178.37646,NWHI,Inactive
KUR,,OCC-KUR-017,,12.5,28.38172,-178.32572,NWHI,Inactive
KUR,,OCC-KUR-018,KUR-04,11.6,28.42665,-178.28588,NWHI,Inactive
KUR,,OCC-KUR-019,,0.2,28.41813,-178.34326,NWHI,Inactive
KUR,KUR-N,OCC-KUR-020,KUR-02,11.9,28.45365,-178.34399,NWHI,Inactive
KUR,"
",OCC-KUR-021,KUR-33,15.8,28.41676,-356.72165,NWHI,Inactive
KUR,,OCC-KUR-022,,9.8,28.41822,-178.34322,NWHI,Inactive
KUR,KUR-NW,OCC-KUR-023,,19.8,28.45152,-178.35621,NWHI,Inactive
KUR,,OCC-KUR-024,,2.4,28.45212,-178.31524,NWHI,Inactive
KUR,,OCC-KUR-025,,10.1,28.41852,-178.34453,NWHI,Inactive
KUR,,OCC-KUR-026,,1,28.41852,-178.34453,NWHI,Inactive
KUR,KUR-NW,OCC-KUR-027,,27.1,28.45218,-178.3572,NWHI,Inactive
KUR,,OCC-KUR-028,,14.9,28.39077,-178.28297,NWHI,Inactive
KUR,KUR-NW,OCC-KUR-029,,27.7,28.4297,-178.3778,NWHI,Inactive
KUR,,OCC-KUR-030,KUR-06,9.8,28.3867,-178.34777,NWHI,Inactive
KUR,KUR-NW,OCC-KUR-031,KUR-12,10.1,28.38252,-178.32473,NWHI,Inactive
KUR,,OCC-KUR-032,,26.95,28.45285,-178.3572,NWHI,Inactive
KUR,,OCC-KUR-033,,68.3,28.32761666,-178.2206833,NWHI,Inactive
KUR,,OCC-KUR-034,,123,28.334722,178.255278,NWHI,Inactive
LAN,,OCC-LAN-001,LAN-11,13.7,20.92656,-156.9386,MHI,Inactive
LAN,,OCC-LAN-002,LAN-10,14,20.91537,-156.88637,MHI,Inactive
LAN,LAN-S,OCC-LAN-003,LAN-12,14.6,20.73582,-156.91554,MHI,Active
LAN,LAN-S,OCC-LAN-004,,5.5,20.73726,-156.91578,MHI,Active
LAN,,OCC-LAN-005,,14.3,20.8439,-156.81341,MHI,Inactive
LAN,,OCC-LAN-006,,11.6,20.74155,-156.87525,MHI,Inactive
LAN,,OCC-LAN-007,,14.6,20.87052,-156.83466,MHI,Inactive
LAN,,OCC-LAN-008,,13.1,20.87186,-156.83705,MHI,Inactive
LAN,,OCC-LAN-009,,8.2,20.73729,-156.96869,MHI,Inactive
LAY,,OCC-LAY-001,,1.2,25.77952,-171.73894,NWHI,Inactive
LAY,,OCC-LAY-002,,1.2,25.75914,-171.72928,NWHI,Inactive
LAY,,OCC-LAY-003,,3,25.77244,-171.74264,NWHI,Inactive
LAY,,OCC-LAY-004,,0.3,25.7729,-171.74252,NWHI,Inactive
LEH,,OCC-LEH-001,,12.5,22.01659,-160.09139,MHI,Inactive
LEH,,OCC-LEH-002,,6.4,22.01453,-160.09705,MHI,Inactive
LEH,,OCC-LEH-003,,5.8,22.02216,-160.10124,MHI,Inactive
LIS,LIS-N,OCC-LIS-001,,23.2,26.10017,-173.99797,NWHI,Active
LIS,LIS-N,OCC-LIS-002,LIS-24,14,26.07841,-173.99706,NWHI,Active
LIS,LIS-N,OCC-LIS-003,,4.6,26.07868,-173.98471,NWHI,Active
LIS,LIS-E,OCC-LIS-004,,26.2,26.03759,-173.87772,NWHI,Inactive
LIS,LIS-E,OCC-LIS-005,LIS-50,16.8,26.03741,-173.87918,NWHI,Inactive
LIS,LIS-E,OCC-LIS-006,,4.6,26.03716,-173.918,NWHI,Inactive
LIS,LIS-S,OCC-LIS-007,,26.2,25.93468,-173.89113,NWHI,Active
LIS,LIS-S,OCC-LIS-008,LIS-52,16.8,25.93496,-173.89106,NWHI,Active
LIS,LIS-S,OCC-LIS-009,,5.8,25.95712,-173.89614,NWHI,Active
LIS,,OCC-LIS-010,,9.8,25.96764,-173.91587,NWHI,Active
LIS,,OCC-LIS-011,LIS-53,16.8,25.93831,-173.95396,NWHI,Inactive
LIS,LIS-W,OCC-LIS-012,,24.1,25.98816,-174.03303,NWHI,Active
LIS,LIS-W,OCC-LIS-013,LIS-54,14.6,25.98711,-173.99438,NWHI,Active
LIS,LIS-W,OCC-LIS-014,,4.6,25.98788,-173.966,NWHI,Active
LIS,,OCC-LIS-016,,0.9,25.96765,-173.91585,NWHI,Inactive
LIS,,OCC-LIS-017,,0.9,26.07193,-173.97743,NWHI,Inactive
LIS,,OCC-LIS-018,LIS-20,13.4,25.94462,-173.95362,NWHI,Inactive
LIS,LIS-S,OCC-LIS-019,,20.4,25.94302,-173.88414,NWHI,Inactive
LIS,,OCC-LIS-020,,0.9,26.06333,-173.96099,NWHI,Inactive
LIS,LIS-S,OCC-LIS-021,,14.9,25.94313,-173.88458,NWHI,Inactive
LIS,,OCC-LIS-022,LIS-09,14.3,25.95809,-173.88253,NWHI,Inactive
LIS,,OCC-LIS-023,LIS-18,7.6,26.00428,-173.99403,NWHI,Inactive
LIS,,OCC-LIS-024,LIS-29,7.3,26.03947,-174.01243,NWHI,Inactive
LIS,,OCC-LIS-025,,301,25.901833,-173.776166,NWHI,Inactive
MAI,MAI-NE,OCC-MAI-001,,25.3,20.87,-156.14526,MHI,Active
MAI,MAI-NE,OCC-MAI-002,MAI-30,15.2,20.86857,-156.14629,MHI,Active
MAI,,OCC-MAI-003,MAI-02,12.8,20.86313,-156.15132,MHI,Inactive
MAI,,OCC-MAI-004,MAI-01,9.8,20.7623,-155.9798,MHI,Inactive
MAI,,OCC-MAI-005,MAI-07,13.7,21.00743,-156.66772,MHI,Active
MAI,,OCC-MAI-006,,5.8,20.95183,-156.69184,MHI,Active
MAI,,OCC-MAI-007,,6.1,20.96018,-156.68773,MHI,Active
MAI,,OCC-MAI-008,,6.4,20.90962,-156.69195,MHI,Inactive
MAI,,OCC-MAI-009,,6.4,20.90155,-156.69202,MHI,Inactive
MAI,,OCC-MAI-010,,14.9,20.59194,-156.42031,MHI,Inactive
MAI,,OCC-MAI-011,,11.9,20.79081,-156.58445,MHI,Inactive
MAI,,OCC-MAI-012,,12.2,21.01738,-156.64296,MHI,Inactive
MAI,MAI-NE,OCC-MAI-013,,15.2,20.8645,-156.1512,MHI,Inactive
MAR,,OCC-MAR-001,,4.6,25.36693,-170.51374,NWHI,Inactive
MAR,,OCC-MAR-002,,1.5,25.3841,-170.53972,NWHI,Inactive
MAR,,OCC-MAR-003,,14.3,25.4713,-170.64291,NWHI,Inactive
MAR,,OCC-MAR-004,,14.6,25.44624,-170.63417,NWHI,Inactive
MAR,,OCC-MAR-005,,0.2,25.44624,-170.63417,NWHI,Inactive
MAR,,OCC-MAR-006,,8.4,25.44642,-170.63378,NWHI,Inactive
MAR,,OCC-MAR-007,,1,25.44652,-170.63382,NWHI,Inactive
MAR,,OCC-MAR-008,,11.6,25.41957,-170.66913,NWHI,Inactive
MAU,MAU-N,OCC-MAU-001,,25.6,20.03657,145.225,CNMI,Active
MAU,MAU-N,OCC-MAU-002,MAU-05,13.7,20.03567,145.2247,CNMI,Active
MAU,MAU-N,OCC-MAU-003,,6.7,20.03479,145.22467,CNMI,Active
MAU,MAU-E,OCC-MAU-004,,25,20.02022,145.24041,CNMI,Active
MAU,MAU-E,OCC-MAU-005,MAU-12,14.9,20.02039,145.23978,CNMI,Active
MAU,MAU-E,OCC-MAU-006,,5.2,20.02056,145.23946,CNMI,Active
MAU,MAU-SW,OCC-MAU-007,,25.9,20.01235,145.20778,CNMI,Active
MAU,MAU-SW,OCC-MAU-008,MAU-20,16.2,20.01315,145.20806,CNMI,Active
MAU,MAU-SW,OCC-MAU-009,,6.1,20.0142,145.20909,CNMI,Active
MAU,MAU-SW,OCC-MAU-010,,1.8,20.01442,145.20954,CNMI,Active
MAU,MAU-W,OCC-MAU-011,,9.8,20.01768,145.20729,CNMI,Active
MAU,MAU-W,OCC-MAU-012,,2.1,20.01778,145.20767,CNMI,Active
MAU,,OCC-MAU-013,MAU-09,13.4,20.02979,145.20846,CNMI,Active
MAU,,OCC-MAU-014,MAU-21,14.6,20.03525,145.2173,CNMI,Active
MAU,,OCC-MAU-015,,11.3,20.02915,145.23196,CNMI,Active
MAU,,OCC-MAU-016,MAU-88,9.1,20.02319,145.22986,CNMI,Active
MAU,,OCC-MAU-017,,12.8,20.01399,145.22727,CNMI,Active
MAU,,OCC-MAU-018,MAU-02,8.5,20.0225,145.2297,CNMI,Active
MAU,,OCC-MAU-019,MAU-86,10.4,20.014,145.2275,CNMI,Active
MAU,,OCC-MAU-020,,17.7,20.03045,145.23123,CNMI,Inactive
MAU,,OCC-MAU-021,,10.1,20.02584,145.23169,CNMI,Inactive
MAU,,OCC-MAU-022,,14.9,20.01786,145.22972,CNMI,Inactive
MAU,,OCC-MAU-023,,14.3,20.02291,145.22973,CNMI,Inactive
MAU,MAU-W,OCC-MAU-024,,30.8,20.01791,145.20719,CNMI,Inactive
MAU,,OCC-MAU-025,,0.3,20.02908,145.23197,CNMI,Inactive
MAU,,OCC-MAU-026,,17.1,20.02332,145.2075,CNMI,Inactive
MAU,,OCC-MAU-027,MAU-04,9.7,20.0144,145.23418,CNMI,Inactive
MAU,MAU-SW,OCC-MAU-028,MAU-11,8.5,20.01348,145.20873,CNMI,Inactive
MID,MID-S,OCC-MID-001,,14.6,28.19633,-177.37494,NWHI,Inactive
MID,MID-NW,OCC-MID-002,,29.3,28.23193,-177.42968,NWHI,Inactive
MID,MID-NW,OCC-MID-003,,1.8,28.21826,-177.42181,NWHI,Inactive
MID,MID-NW,OCC-MID-004,,9.8,28.21783,-177.42496,NWHI,Inactive
MID,MID-NW,OCC-MID-005,,18.9,28.21867,-177.42702,NWHI,Inactive
MID,,OCC-MID-006,,1.5,28.19365,-177.40179,NWHI,Inactive
MID,,OCC-MID-007,,1.2,28.27117,-177.38602,NWHI,Inactive
MID,,OCC-MID-008,,0.9,28.27762,-177.36787,NWHI,Inactive
MID,,OCC-MID-009,,1.2,28.24449,-177.32343,NWHI,Inactive
MID,,OCC-MID-010,,0.2,28.218,-177.3443,NWHI,Inactive
MID,,OCC-MID-011,,9.3,28.218,-177.3443,NWHI,Inactive
MID,MID-NW,OCC-MID-012,,24.1,28.23015,-177.42612,NWHI,Inactive
MID,,OCC-MID-013,,18.9,28.19633226,-177.3749381,NWHI,Inactive
MOI,MOI-S,OCC-MOI-001,,10.7,20.63027,-156.49716,MHI,Inactive
MOI,MOI-S,OCC-MOI-002,,18.6,20.6303,-156.49718,MHI,Inactive
MOL,,OCC-MOL-001,MOL-24,14.6,21.20709,-156.9847,MHI,Active
MOL,MOL-N,OCC-MOL-002,,24.7,21.17867,-156.76055,MHI,Active
MOL,MOL-N,OCC-MOL-003,MOL-23,14.6,21.17693,-156.76049,MHI,Active
MOL,MOL-N,OCC-MOL-004,,4.9,21.17579,-156.76071,MHI,Active
MOL,,OCC-MOL-005,MOL-20,13.1,21.03569,-156.89041,MHI,Active
MOL,,OCC-MOL-006,MOL-21,16.2,21.08295,-157.06422,MHI,Active
MOL,MOL-W,OCC-MOL-007,,25.3,21.13468,-157.30589,MHI,Active
MOL,MOL-W,OCC-MOL-008,MOL-22,15.8,21.13402,-157.30025,MHI,Active
MOL,,OCC-MOL-009,,4.9,21.13317,-157.29747,MHI,Active
MOL,,OCC-MOL-011,,19.5,21.08094,-157.26696,MHI,Inactive
MOL,,OCC-MOL-012,,9.8,21.20308,-157.2524,MHI,Inactive
NEC,,OCC-NEC-001,,17.1,23.57152,-164.69775,NWHI,Inactive
NEC,,OCC-NEC-002,,0.3,23.57152,-164.69775,NWHI,Inactive
NEC,,OCC-NEC-003,,24.9,23.56792,-164.71215,NWHI,Inactive
NII,,OCC-NII-001,NII-10,15.8,21.9414,-160.07005,MHI,Active
NII,NII-W,OCC-NII-002,,26.2,21.90175,-160.23764,MHI,Active
NII,NII-W,OCC-NII-003,NII-11,15.8,21.89751,-160.23392,MHI,Active
NII,NII-W,OCC-NII-004,,4.9,21.89307,-160.23002,MHI,Inactive
NII,,OCC-NII-005,,12.5,21.95128,-160.06176,MHI,Inactive
NII,,OCC-NII-006,,11.6,21.87551,-160.12165,MHI,Inactive
OAH,OAH-N,OCC-OAH-001,,24.7,21.59243,-158.17472,MHI,Active
OAH,OAH-N,OCC-OAH-002,OAH-20,14,21.59095,-158.17467,MHI,Inactive
OAH,,OCC-OAH-003,,5.5,21.58088,-158.16856,MHI,Inactive
OAH,OAH-E,OCC-OAH-004,,24.1,21.48306,-157.78075,MHI,Active
OAH,OAH-E,OCC-OAH-005,OAH-22,12.5,21.47979,-157.783,MHI,Active
OAH,OAH-E,OCC-OAH-006,,5.5,21.47358,-157.78802,MHI,Active
OAH,OAH-E,OCC-OAH-007,OAH-19,2.1,21.45862,-157.79865,MHI,Active
OAH,,OCC-OAH-008,OAH-24,14.6,21.26184,-157.76547,MHI,Inactive
OAH,OAH-S,OCC-OAH-009,,26.5,21.28485,-157.86787,MHI,Active
OAH,OAH-S,OCC-OAH-010,OAH-23,12.2,21.28842,-157.86533,MHI,Active
OAH,OAH-S,OCC-OAH-011,,4.9,21.28994,-157.86376,MHI,Active
OAH,,OCC-OAH-012,OAH-25,14.6,21.53408,-158.23439,MHI,Active
OAH,OAH-SW,OCC-OAH-013,,26.8,21.30573,-158.12658,MHI,Inactive
OAH,OAH-SW,OCC-OAH-014,OAH-21,15.2,21.30566,-158.12623,MHI,Inactive
OAH,OAH-SW,OCC-OAH-015,,5.2,21.30949,-158.11841,MHI,Inactive
OAH,,OCC-OAH-016,,10.1,21.54276805,-158.2403804,MHI,Inactive
OAH,OAH-W,OCC-OAH-018,,19.3,21.53199,-158.23437,MHI,Inactive
OAH,,OCC-OAH-019,,14,21.53193,-158.23304,MHI,Inactive
OAH,,OCC-OAH-020,,10.1,21.54242,-158.24008,MHI,Inactive
OAH,,OCC-OAH-021,,9.4,21.54238,-158.24011,MHI,Inactive
OAH,,OCC-OAH-022,,3.7,21.43256,-157.78922,MHI,Inactive
OAH,,OCC-OAH-023,,17.5,21.35468,-158.13686,MHI,Inactive
OAH,,OCC-OAH-024,,13.8,21.44143,-158.198,MHI,Inactive
OAH,,OCC-OAH-025,,49.5,21.40412,-158.20095,MHI,Inactive
OAH,,OCC-OAH-026,,15.9,21.56837,-158.27493,MHI,Inactive
OAH,,OCC-OAH-027,,7,21.47083,-157.82638,MHI,Inactive
OAH,,OCC-OAH-028,,6.4,21.43647,-157.79142,MHI,Inactive
OAH,,OCC-OAH-029,,7.6,21.61408,-157.91017,MHI,Inactive
OAH,,OCC-OAH-030,,7.3,21.4601,-158.21747,MHI,Inactive
OAH,OAH-N,OCC-OAH-031,,14.6,21.58889,-158.17517,MHI,Inactive
OAH,OAH-N,OCC-OAH-032,,4.9,21.58886,-158.17535,MHI,Inactive
OAH,,OCC-OAH-033,OAH-01,13.1,21.3118,-158.1273,MHI,Inactive
OAH,OAH-W,OCC-OAH-034,OAH-04,13.1,21.5337,-158.2333,MHI,Inactive
OAH,,OCC-OAH-035,OAH-10,14.6,21.6121,-158.1113,MHI,Inactive
OAH,,OCC-OAH-036,OAH-471,13.1,21.50841,-157.80516,MHI,Inactive
OAH,,OCC-OAH-037,,10.1,21.53192681,-158.23304,MHI,Inactive
OFU,OFU-NW,OCC-OFU-001,,24.7,-14.15688,-169.67421,AMSM,Active
OFU,OFU-NW,OCC-OFU-002,OFU-09,14.6,-14.15754,-169.67419,AMSM,Active
OFU,OFU-NW,OCC-OFU-003,,6.1,-14.15876,-169.67412,AMSM,Active
OFU,,OCC-OFU-004,OFU-01,13.4,-14.16463,-169.65568,AMSM,Active
OFU,OFU-N,OCC-OFU-005,OLO-05,14.3,-14.16373,-169.62435,AMSM,Active
OFU,,OCC-OFU-006,OLO-01,14.6,-14.16844,-169.60788,AMSM,Active
OFU,OFU-SE,OCC-OFU-007,OLO-04,14.3,-14.18128,-169.62683,AMSM,Active
OFU,OFU-S,OCC-OFU-008,,24.1,-14.18075,-169.65201,AMSM,Active
OFU,OFU-S,OCC-OFU-009,OFU-54,14.6,-14.18054,-169.65208,AMSM,Active
OFU,OFU-S,OCC-OFU-010,,5.8,-14.18025,-169.65221,AMSM,Active
OFU,OFU-S,OCC-OFU-011,,0.9,-14.17771,-169.65262,AMSM,Active
OFU,OFU-SW,OCC-OFU-012,OFU-03,14.6,-14.1865,-169.6602,AMSM,Active
OFU,OFU-W,OCC-OFU-013,,24.4,-14.17543,-169.68344,AMSM,Active
OFU,OFU-W,OCC-OFU-014,OFU-06,13.7,-14.17421,-169.68195,AMSM,Active
OFU,OFU-W,OCC-OFU-015,,0.6,-14.17269,-169.68012,AMSM,Inactive
OFU,OFU-W,OCC-OFU-016,,4.3,-14.17369,-169.68099,AMSM,Inactive
OFU,OFU-N,OCC-OFU-017,,5.8,-14.16395,-169.6249,AMSM,Inactive
OFU,OFU-S,OCC-OFU-018,,29.6,-14.18073,-169.65176,AMSM,Inactive
OFU,OFU-SE,OCC-OFU-019,,11.6,-14.18175,-169.62658,AMSM,Inactive
OFU,OFU-W,OCC-OFU-020,,8.2,-14.1737,-169.68165,AMSM,Inactive
OFU,OFU-S,OCC-OFU-021,,18.9,-14.18065,-169.652,AMSM,Inactive
OFU,,OCC-OFU-022,,0.2,-14.18065,-169.652,AMSM,Inactive
OFU,OFU-SW,OCC-OFU-023,,1.5,-14.1829,-169.65947,AMSM,Inactive
OFU,,OCC-OFU-024,OFU-02,17.1,-14.1846,-169.67602,AMSM,Inactive
OFU,,OCC-OFU-025,OFU-04,14.9,-14.17737,-169.64957,AMSM,Inactive
PAG,PAG-N,OCC-PAG-001,,25.6,18.16913,145.79535,CNMI,Active
PAG,PAG-N,OCC-PAG-002,PAG-21,14.6,18.16788,145.79494,CNMI,Active
PAG,PAG-N,OCC-PAG-003,,7.3,18.16754,145.79482,CNMI,Active
PAG,,OCC-PAG-004,,0.6,18.10294,145.76781,CNMI,Active
PAG,PAG-E,OCC-PAG-005,,24.7,18.09539,145.76544,CNMI,Active
PAG,PAG-E,OCC-PAG-006,PAG-13,15.5,18.09609,145.76487,CNMI,Active
PAG,PAG-E,OCC-PAG-007,,6.1,18.09643,145.76412,CNMI,Active
PAG,PAG-S,OCC-PAG-008,,26.2,18.04462,145.70502,CNMI,Active
PAG,PAG-S,OCC-PAG-009,PAG-20,15.5,18.04561,145.70621,CNMI,Active
PAG,PAG-S,OCC-PAG-010,,5.2,18.04588,145.70751,CNMI,Active
PAG,,OCC-PAG-011,PAG-23,15.8,18.09755,145.751,CNMI,Active
PAG,PAG-W,OCC-PAG-012,,24.4,18.1205,145.75339,CNMI,Active
PAG,PAG-W,OCC-PAG-013,PAG-22,17.4,18.12019,145.75458,CNMI,Active
PAG,PAG-W,OCC-PAG-014,,5.8,18.12099,145.75678,CNMI,Active
PAG,PAG-W,OCC-PAG-015,,1.8,18.12264,145.75743,CNMI,Active
PAG,PAG-W,OCC-PAG-016,,13.7,18.12009,145.75468,CNMI,Inactive
PAG,,OCC-PAG-017,,18.9,18.04578,145.72202,CNMI,Inactive
PAG,,OCC-PAG-018,,0.3,18.12726,145.75751,CNMI,Inactive
PAG,,OCC-PAG-019,,5.8,18.12726,145.75751,CNMI,Inactive
PAG,,OCC-PAG-020,PAG-01,10.5,18.10722,145.78577,CNMI,Inactive
PAG,,OCC-PAG-021,PAG-03,10.9,18.16832,145.78795,CNMI,Inactive
PAG,,OCC-PAG-022,PAG-05,11.9,18.11945,145.75567,CNMI,Inactive
PAG,,OCC-PAG-023,PAG-09,12.9,18.07068,145.71363,CNMI,Inactive
PAL,PAL-N,OCC-PAL-001,,29.6,5.89753,-162.07834,PRIA,Active
PAL,PAL-N,OCC-PAL-002,,25.6,5.89748,-162.07832,PRIA,Active
PAL,PAL-N,OCC-PAL-003,PAL-64,14.6,5.89736,-162.07817,PRIA,Active
PAL,PAL-N,OCC-PAL-004,,7,5.89694,-162.07788,PRIA,Active
PAL,PAL-E,OCC-PAL-005,,25.9,5.87613,-162.00195,PRIA,Active
PAL,PAL-E,OCC-PAL-006,,15.2,5.87565,-162.00354,PRIA,Active
PAL,PAL-SE,OCC-PAL-007,,24.7,5.86356,-162.03067,PRIA,Active
PAL,PAL-SE,OCC-PAL-008,PAL-25,13.4,5.86383,-162.0306,PRIA,Active
PAL,PAL-SE,OCC-PAL-009,,4.9,5.8745,-162.04035,PRIA,Active
PAL,PAL-SE,OCC-PAL-010,,1.5,5.87031,-162.04511,PRIA,Active
PAL,PAL-S,OCC-PAL-011,,24.4,5.86945,-162.07533,PRIA,Active
PAL,PAL-S,OCC-PAL-012,PAL-65,14.3,5.86961,-162.07511,PRIA,Active
PAL,PAL-S,OCC-PAL-013,,4.9,5.87014,-162.07512,PRIA,Active
PAL,PAL-SSW,OCC-PAL-014,PAL-19,13.7,5.8664,-162.10997,PRIA,Active
PAL,PAL-SW,OCC-PAL-015,PAL-26,15.2,5.86408,-162.12689,PRIA,Active
PAL,PAL-W,OCC-PAL-016,,24.7,5.88398,-162.16889,PRIA,Active
PAL,PAL-W,OCC-PAL-017,PAL-11,14.9,5.88323,-162.13318,PRIA,Active
PAL,PAL-W,OCC-PAL-018,,4.6,5.88245,-162.12136,PRIA,Active
PAL,PAL-NW,OCC-PAL-019,PAL-05,13.7,5.8956,-162.13792,PRIA,Inactive
PAL,,OCC-PAL-020,PAL-12,14.6,5.89737,-162.10798,PRIA,Inactive
PAL,PAL-NW,OCC-PAL-021,,0.6,5.89189,-162.12245,PRIA,Active
PAL,,OCC-PAL-022,,3.4,5.88606,-162.08609,PRIA,Active
PAL,,OCC-PAL-027,,30.5,5.86935,-162.07525,PRIA,Inactive
PAL,,OCC-PAL-028,,10.1,5.89713,-162.07829,PRIA,Inactive
PAL,,OCC-PAL-029,,19.2,5.89737,-162.07834,PRIA,Inactive
PAL,PAL-EL,OCC-PAL-030,,4.3,5.88274,-162.06187,PRIA,Inactive
PAL,,OCC-PAL-031,,10.7,5.86973,-162.07515,PRIA,Inactive
PAL,,OCC-PAL-032,,19.5,5.86953,-162.07517,PRIA,Inactive
PAL,,OCC-PAL-033,,0.2,5.87447,-162.04042,PRIA,Inactive
PAL,PAL-E,OCC-PAL-034,,20.7,5.87611,-162.00237,PRIA,Inactive
PAL,PAL-E,OCC-PAL-035,,32.6,5.87637,-162.00206,PRIA,Inactive
PAL,PAL-W,OCC-PAL-036,,19.2,5.88382,-162.16857,PRIA,Inactive
PAL,PAL-W,OCC-PAL-037,,32.9,5.88407,-162.16909,PRIA,Inactive
PAL,PAL-EL,OCC-PAL-038,,25.6,5.88207,-162.06235,PRIA,Inactive
PAL,,OCC-PAL-039,,3.7,5.88365,-162.09205,PRIA,Inactive
PAL,PAL-NE,OCC-PAL-040,,10.1,5.88281,-162.0342,PRIA,Inactive
PAL,PAL-NE,OCC-PAL-041,,10.4,5.88243,-162.033,PRIA,Inactive
PAL,PAL-NE,OCC-PAL-042,,14.6,5.88277,-162.03299,PRIA,Inactive
PAL,PAL-NE,OCC-PAL-043,,19.5,5.88292,-162.03292,PRIA,Inactive
PAL,PAL-SE,OCC-PAL-044,,10.1,5.86445,-162.03178,PRIA,Inactive
PAL,PAL-SE,OCC-PAL-045,,10.1,5.86426,-162.0307,PRIA,Inactive
PAL,PAL-SE,OCC-PAL-046,,18.9,5.86366,-162.03059,PRIA,Inactive
PAL,PAL-SSW,OCC-PAL-047,,19.5,5.86645,-162.11363,PRIA,Inactive
PAL,PAL-SSW,OCC-PAL-048,,12.2,5.86655,-162.11275,PRIA,Inactive
PAL,PAL-SSW,OCC-PAL-049,FR-3,14,5.86648,-162.11362,PRIA,Inactive
PAL,PAL-NW,OCC-PAL-050,,11.3,5.89639,-162.12811,PRIA,Inactive
PAL,PAL-NW,OCC-PAL-051,,10.4,5.89642,-162.12724,PRIA,Inactive
PAL,PAL-NW,OCC-PAL-052,FR-9,14.6,5.89693,-162.12821,PRIA,Inactive
PAL,PAL-NW,OCC-PAL-053,,21,5.89711,-162.12831,PRIA,Inactive
PAL,PAL-SW,OCC-PAL-054,,10.7,5.86671,-162.12723,PRIA,Inactive
PAL,PAL-SW,OCC-PAL-055,,10.4,5.86666,-162.12653,PRIA,Inactive
PAL,PAL-SW,OCC-PAL-056,,20.7,5.86087,-162.12671,PRIA,Inactive
PAL,,OCC-PAL-057,,9.1,5.88463,-162.10289,PRIA,Inactive
PAL,,OCC-PAL-058,,1,5.88463,-162.10289,PRIA,Inactive
PAL,PAL-EL,OCC-PAL-059,,15.8,5.88235,-162.06217,PRIA,Inactive
PAL,,OCC-PAL-060,,0.2,5.88278,-162.06183,PRIA,Inactive
PAL,,OCC-PAL-061,PAL-01,10.7,5.86778,-162.06893,PRIA,Inactive
PAL,,OCC-PAL-062,PAL-17,19.8,5.87545,-162.13919,PRIA,Inactive
PAL,,OCC-PAL-063,PAL-21,13.6,5.89565,-162.0861,PRIA,Inactive
PAL,,OCC-PAL-064,RT-10,3.7,5.88856,-162.12433,PRIA,Inactive
PAL,,OCC-PAL-065,RT-4,5.5,5.88283,-162.12197,PRIA,Inactive
PEN,,OCC-PEN-001,,250,21.00345,-157.7215,MHI,Inactive
PEN,,OCC-PEN-002,,200,21.02095,-157.71997,MHI,Inactive
PEN,,OCC-PEN-003,,150,21.02247,-157.76648,MHI,Inactive
PEN,,OCC-PEN-004,,250,21.059,-157.68533,MHI,Inactive
PHI,,OCC-PHI-001,BAA-02,4.3,13.65879,120.89501,CORALTRI,Inactive
PHI,,OCC-PHI-002,BAO-02,3.4,13.72788,120.8837,CORALTRI,Inactive
PHI,,OCC-PHI-003,BAO-01,13.4,13.72805,120.88358,CORALTRI,Inactive
PHI,,OCC-PHI-004,TWI-02,3.7,13.69069,120.88925,CORALTRI,Inactive
PHI,,OCC-PHI-005,BAA-01,13.1,13.65885,120.89513,CORALTRI,Inactive
PHI,,OCC-PHI-006,KOA-02,4.3,13.7166,120.87222,CORALTRI,Inactive
PHI,,OCC-PHI-007,KOA-01,10.7,13.7166,120.87194,CORALTRI,Inactive
PHI,,OCC-PHI-008,ART-02,3.4,13.70814,120.87464,CORALTRI,Inactive
PHI,,OCC-PHI-009,ART-01,11.6,13.70776,120.87432,CORALTRI,Inactive
PHI,,OCC-PHI-010,TWI-01,16.5,13.69054,120.88903,CORALTRI,Inactive
PHR,PHR-N,OCC-PHR-001,,23.8,27.94235,-175.86343,NWHI,Active
PHR,PHR-N,OCC-PHR-002,PHR-52,15.8,27.94055,-175.86167,NWHI,Active
PHR,PHR-N,OCC-PHR-003,,6.1,27.93763,-175.86348,NWHI,Active
PHR,,OCC-PHR-004,PHR-53,14.3,27.95493,-175.83582,NWHI,Inactive
PHR,,OCC-PHR-005,,0.9,27.95768,-175.78082,NWHI,Inactive
PHR,PHR-E,OCC-PHR-006,,24.7,27.86587,-175.73026,NWHI,Inactive
PHR,PHR-E,OCC-PHR-007,PHR-51,14.3,27.86679,-175.73358,NWHI,Inactive
PHR,PHR-E,OCC-PHR-008,,4.6,27.86892,-175.73491,NWHI,Inactive
PHR,,OCC-PHR-009,,1.5,27.80265,-175.7795,NWHI,Active
PHR,PHR-S,OCC-PHR-010,,37.5,27.78175,-175.88087,NWHI,Active
PHR,PHR-S,OCC-PHR-011,,23.5,27.78202,-175.88103,NWHI,Active
PHR,PHR-S,OCC-PHR-012,PHR-50,13.7,27.7824,-175.88199,NWHI,Active
PHR,PHR-S,OCC-PHR-013,,4.9,27.7835,-175.88307,NWHI,Active
PHR,,OCC-PHR-014,,0.9,27.77473,-175.9787,NWHI,Active
PHR,PHR-W,OCC-PHR-015,,24.7,27.79587,-176.0086,NWHI,Active
PHR,PHR-W,OCC-PHR-016,PHR-54,13.7,27.79309,-175.9971,NWHI,Active
PHR,PHR-W,OCC-PHR-017,,5.2,27.79229,-175.99157,NWHI,Active
PHR,,OCC-PHR-019,PHR-42,15.2,27.75313,-175.94894,NWHI,Inactive
PHR,,OCC-PHR-020,,1.2,27.89801,-175.83139,NWHI,Inactive
PHR,,OCC-PHR-021,,3,27.91184,-175.89431,NWHI,Inactive
PHR,PHR-N,OCC-PHR-022,,35.7,27.94432,-175.86498,NWHI,Inactive
PHR,,OCC-PHR-023,,11.6,27.79098,-175.86301,NWHI,Inactive
PHR,PHR-SE,OCC-PHR-024,PHR-36,13.7,27.78571,-175.78046,NWHI,Inactive
PHR,,OCC-PHR-025,,0.2,27.85393,-175.81588,NWHI,Inactive
PHR,,OCC-PHR-026,,7.9,27.85393,-175.81588,NWHI,Inactive
PHR,PHR-E,OCC-PHR-027,,22.3,27.8662,-175.73118,NWHI,Inactive
PHR,PHR-S,OCC-PHR-028,,19.5,27.78212,-175.88142,NWHI,Inactive
PHR,,OCC-PHR-029,,22.9,27.78486,-175.83974,NWHI,Inactive
PHR,,OCC-PHR-030,,22.3,27.75967,-175.92632,NWHI,Inactive
PHR,PHR-SE,OCC-PHR-031,,23.2,27.78194,-175.78349,NWHI,Inactive
PHR,,OCC-PHR-032,,21.6,27.8218,-175.74816,NWHI,Inactive
PHR,PHR-S,OCC-PHR-033,,26.5,27.78169,-175.88088,NWHI,Inactive
PHR,,OCC-PHR-034,,13.7,27.78169,-175.88088,NWHI,Inactive
PHR,,OCC-PHR-035,,1,27.85325,-175.81612,NWHI,Inactive
PHR,,OCC-PHR-036,PHR-33,12.8,27.78547,-175.82375,NWHI,Inactive
PHR,,OCC-PHR-037,PHR-39,10.7,27.94077,-175.86175,NWHI,Inactive
PHR,,OCC-PHR-038,PHR-44,12.8,27.91062,-175.90483,NWHI,Inactive
PHR,,OCC-PHR-039,,71.6,27.7544833,-175.8940833,NWHI,Inactive
ROS,ROS-NE,OCC-ROS-001,,24.7,-14.53866,-168.14578,AMSM,Active
ROS,ROS-NE,OCC-ROS-002,ROS-01,15.5,-14.53875,-168.14581,AMSM,Active
ROS,ROS-NE,OCC-ROS-003,,5.8,-14.53897,-168.1461,AMSM,Active
ROS,ROS-NE,OCC-ROS-004,,0.9,-14.53989,-168.14794,AMSM,Active
ROS,,OCC-ROS-006,ROS-19,14.9,-14.5491,-168.13783,AMSM,Active
ROS,,OCC-ROS-007,ROS-03,15.2,-14.55563,-168.1469,AMSM,Inactive
ROS,,OCC-ROS-008,ROS-04,12.8,-14.55962,-168.15997,AMSM,Active
ROS,ROS-SW,OCC-ROS-009,,25.6,-14.54873,-168.16875,AMSM,Active
ROS,ROS-SW,OCC-ROS-010,ROS-07,14.9,-14.54867,-168.16873,AMSM,Active
ROS,ROS-SW,OCC-ROS-011,,5.8,-14.54849,-168.16854,AMSM,Active
ROS,ROS-SW,OCC-ROS-012,,0.9,-14.54836,-168.1645,AMSM,Active
ROS,,OCC-ROS-013,ROS-23,14.9,-14.54222,-168.1727,AMSM,Active
ROS,,OCC-ROS-014,ROS-06,14.3,-14.53644,-168.16515,AMSM,Active
ROS,,OCC-ROS-015,,14.9,-14.53294,-168.1572,AMSM,Active
ROS,,OCC-ROS-016,,1.8,-14.53782,-168.15346,AMSM,Active
ROS,,OCC-ROS-017,,3,-14.55134,-168.16016,AMSM,Active
ROS,,OCC-ROS-018,,10.4,-14.55159,-168.16,AMSM,Inactive
ROS,ROS-SW,OCC-ROS-019,,31.7,-14.54871,-168.16883,AMSM,Inactive
ROS,,OCC-ROS-020,,16.8,-14.54761,-168.13762,AMSM,Inactive
ROS,,OCC-ROS-021,ROS-25,9.4,-14.5295,-168.15356,AMSM,Inactive
ROS,,OCC-ROS-022,,6.1,-14.5351,-168.15481,AMSM,Inactive
ROS,,OCC-ROS-023,,7.9,-14.55068,-168.16699,AMSM,Inactive
ROS,,OCC-ROS-024,ROS-08,10.2,-14.53775,-168.1537,AMSM,Inactive
ROS,,OCC-ROS-025,ROS-09,5.5,-14.551,-168.16085,AMSM,Inactive
ROT,ROT-N,OCC-ROT-001,ROT-05,14,14.18318,145.20713,CNMI,Active
ROT,,OCC-ROT-002,,17.4,14.17503,145.2863,CNMI,Active
ROT,ROT-SW,OCC-ROT-003,ROT-03,14.6,14.11394,145.16692,CNMI,Active
ROT,ROT-N,OCC-ROT-006,,10.4,14.18285,145.20681,CNMI,Inactive
ROT,ROT-SW,OCC-ROT-007,,13.7,14.1134,145.16667,CNMI,Inactive
ROT,,OCC-ROT-008,,0.3,14.12827,145.16363,CNMI,Inactive
ROT,,OCC-ROT-009,,10.8,14.12827,145.16363,CNMI,Inactive
ROT,,OCC-ROT-010,,16.2,14.12777,145.16337,CNMI,Inactive
ROT,,OCC-ROT-011,,0.3,14.12772,145.16335,CNMI,Inactive
ROT,,OCC-ROT-012,,0.3,14.11298,145.1667,CNMI,Inactive
ROT,,OCC-ROT-013,ROT-02,11.8,14.15378,145.25938,CNMI,Inactive
ROT,,OCC-ROT-014,ROT-06,13.2,14.15838,145.1504,CNMI,Inactive
SAI,SAI-N,OCC-SAI-001,,24.7,15.29089,145.80931,CNMI,Active
SAI,SAI-N,OCC-SAI-002,SAI-21,13.4,15.29062,145.80942,CNMI,Active
SAI,SAI-N,OCC-SAI-003,,6.4,15.29005,145.80949,CNMI,Active
SAI,SAI-E,OCC-SAI-004,,24.4,15.25791,145.81665,CNMI,Active
SAI,SAI-E,OCC-SAI-005,SAI-20,16.5,15.25867,145.81567,CNMI,Active
SAI,,OCC-SAI-006,,19.5,15.17487,145.78949,CNMI,Active
SAI,,OCC-SAI-007,SAI-03,14.6,15.15611,145.76971,CNMI,Active
SAI,SAI-S,OCC-SAI-008,,24.7,15.09779,145.74279,CNMI,Active
SAI,SAI-S,OCC-SAI-009,SAI-05,17.4,15.09788,145.74338,CNMI,Active
SAI,SAI-S,OCC-SAI-010,,5.8,15.09835,145.74437,CNMI,Active
SAI,SAI-W,OCC-SAI-011,,28.3,15.15765,145.68593,CNMI,Active
SAI,SAI-W,OCC-SAI-012,SAI-23,12.5,15.15638,145.68977,CNMI,Active
SAI,SAI-W,OCC-SAI-013,,6.1,15.15466,145.69243,CNMI,Active
SAI,,OCC-SAI-014,,5.5,15.23752,145.72252,CNMI,Active
SAI,SAI-NW,OCC-SAI-015,,25.9,15.25729,145.76653,CNMI,Active
SAI,SAI-NW,OCC-SAI-016,SAI-22,14,15.25657,145.76756,CNMI,Active
SAI,SAI-NW,OCC-SAI-017,,5.2,15.25618,145.76793,CNMI,Active
SAI,SAI-NW,OCC-SAI-017,,5.5,15.25614,145.76762,CNMI,Active
SAI,,OCC-SAI-018,,0.3,15.17189,145.69474,CNMI,Inactive
SAI,,OCC-SAI-019,,18,15.17184,145.6947,CNMI,Inactive
SAI,,OCC-SAI-020,,16.8,15.1702,145.69478,CNMI,Inactive
SAI,,OCC-SAI-021,,0.2,15.1702,145.69478,CNMI,Inactive
SAI,,OCC-SAI-022,,1,15.23746,145.72288,CNMI,Inactive
SAI,SAI-E,OCC-SAI-023,SAI-01,8.1,15.25888,145.81442,CNMI,Inactive
SAI,,OCC-SAI-024,SAI-06,11.7,15.1566,145.69017,CNMI,Inactive
SAI,,OCC-SAI-025,SAI-08,11.7,15.27353,145.79122,CNMI,Inactive
SAI,,OCC-SAI-026,,11.6,15.15906,145.75438,CNMI,Inactive
SAR,,OCC-SAR-001,,11.3,16.69862,145.78809,CNMI,Active
SAR,SAR-NE,OCC-SAR-002,,6.1,16.7106,145.76786,CNMI,Active
SAR,SAR-NE,OCC-SAR-003,,1,16.71057,145.76892,CNMI,Inactive
SOB,,OCC-SOB-001,,32,-14.89433,-170.63274,AMSM,Inactive
SRR,,OCC-SRR-001,,20.4,12.83819,144.41778,CNMI,Inactive
SUP,,OCC-SUP-001,,28,20.13995,145.09878,CNMI,Active
SWA,SWA-N,OCC-SWA-001,SWA-08,12.2,-11.04588,-171.07655,AMSM,Active
SWA,SWA-E,OCC-SWA-002,,25.9,-11.05252,-171.06466,AMSM,Active
SWA,SWA-E,OCC-SWA-003,SWA-40,15.2,-11.05253,-171.06474,AMSM,Active
SWA,SWA-E,OCC-SWA-004,,4.9,-11.05263,-171.06495,AMSM,Active
SWA,,OCC-SWA-005,SWA-01,13.1,-11.06818,-171.08118,AMSM,Active
SWA,SWA-W,OCC-SWA-006,,24.7,-11.05868,-171.09114,AMSM,Active
SWA,SWA-W,OCC-SWA-007,SWA-41,14.3,-11.05861,-171.09099,AMSM,Active
SWA,SWA-W,OCC-SWA-008,,5.8,-11.05863,-171.09072,AMSM,Active
SWA,SWA-W,OCC-SWA-009,,0.9,-11.05719,-171.09039,AMSM,Active
SWA,,OCC-SWA-010,SWA-16,14,-11.05083,-171.09223,AMSM,Inactive
SWA,SWA-N,OCC-SWA-011,,14.3,-11.0456,-171.07612,AMSM,Inactive
SWA,SWA-W,OCC-SWA-012,,29.3,-11.0587,-171.09113,AMSM,Inactive
SWA,,OCC-SWA-013,SWA-03,15.1,-11.05761,-171.09133,AMSM,Inactive
SWA,,OCC-SWA-014,SWA-07,14.8,-11.05137,-171.06568,AMSM,Inactive
TAU,TAU-N,OCC-TAU-001,,25.6,-14.21085,-169.44061,AMSM,Active
TAU,TAU-N,OCC-TAU-002,TAU-04,14.9,-14.21179,-169.44093,AMSM,Active
TAU,TAU-N,OCC-TAU-003,,6.1,-14.21299,-169.44177,AMSM,Active
TAU,TAU-E,OCC-TAU-004,,24.4,-14.22716,-169.41812,AMSM,Active
TAU,TAU-E,OCC-TAU-005,TAU-07,14,-14.22736,-169.41818,AMSM,Active
TAU,TAU-E,OCC-TAU-006,,5.8,-14.22724,-169.41872,AMSM,Active
TAU,TAU-S,OCC-TAU-007,TAU-02,13.7,-14.25116,-169.44694,AMSM,Active
TAU,,OCC-TAU-008,TAU-08,13.7,-14.26257,-169.47475,AMSM,Active
TAU,TAU-W,OCC-TAU-010,,24.1,-14.25751,-169.50137,AMSM,Active
TAU,TAU-W,OCC-TAU-011,TAU-12,14.3,-14.25756,-169.50099,AMSM,Active
TAU,TAU-W,OCC-TAU-012,,6.1,-14.25734,-169.50025,AMSM,Active
TAU,,OCC-TAU-013,TAU-11,12.2,-14.21738,-169.51308,AMSM,Active
TAU,TAU-S,OCC-TAU-014,,6.1,-14.25075,-169.44661,AMSM,Inactive
TAU,,OCC-TAU-015,,14.3,-14.24403,-169.5089,AMSM,Inactive
TAU,,OCC-TAU-016,,0.2,-14.24403,-169.5089,AMSM,Inactive
TAU,,OCC-TAU-017,,9.8,-14.23545,-169.41908,AMSM,Inactive
TAU,,OCC-TAU-018,,0.3,-14.24372,-169.50944,AMSM,Inactive
TAU,,OCC-TAU-019,,0.3,-14.23567,-169.4189,AMSM,Inactive
TAU,,OCC-TAU-020,TAU-09,13.7,-14.2466,-169.50577,AMSM,Inactive
TAU,,OCC-TAU-021,TAU-10,13.7,-14.2147,-169.46818,AMSM,Inactive
TIM,,OCC-TIM-001,DIL-02,13.7,-8.55465,125.49912,CORALTRI,Inactive
TIM,,OCC-TIM-002,LAU-01,14.6,-8.34643,127.16095,CORALTRI,Inactive
TIM,,OCC-TIM-003,LAU-05,15.5,-8.41082,127.31222,CORALTRI,Inactive
TIM,,OCC-TIM-004,BAU-04,14.3,-8.41943,126.4268,CORALTRI,Inactive
TIM,,OCC-TIM-005,MAN-09,14.6,-8.47518,125.90668,CORALTRI,Inactive
TIM,,OCC-TIM-006,BOB-02,14.3,-8.85321,125.01319,CORALTRI,Inactive
TIM,,OCC-TIM-007,VIL-10,13.1,-8.22438,125.61686,CORALTRI,Inactive
TIM,,OCC-TIM-008,VIL-03,14.6,-8.30337,125.5585,CORALTRI,Inactive
TIM,,OCC-TIM-009,,6.1,-8.22429,125.6168,CORALTRI,Inactive
TIM,,OCC-TIM-010,,25,-8.22449,125.61684,CORALTRI,Inactive
TIM,,OCC-TIM-011,,4.9,-8.47532,125.90658,CORALTRI,Inactive
TIM,,OCC-TIM-012,,25.3,-8.34633,127.16093,CORALTRI,Inactive
TIM,,OCC-TIM-013,,4.6,-8.34661,127.16117,CORALTRI,Inactive
TIM,,OCC-TIM-014,LAU-07,11,-8.68429,126.98978,CORALTRI,Inactive
TIM,,OCC-TIM-015,MAF-01,14.6,-9.15203,125.82206,CORALTRI,Inactive
TIM,,OCC-TIM-016,,24.7,-8.5546,125.49897,CORALTRI,Inactive
TIM,,OCC-TIM-017,,6.1,-8.55484,125.49929,CORALTRI,Inactive
TIN,,OCC-TIN-001,TIN-06,12.2,15.08043,145.6214,CNMI,Active
TIN,TIN-E,OCC-TIN-002,TIN-01,18.3,15.03461,145.65132,CNMI,Active
TIN,TIN-E,OCC-TIN-003,,11,15.03475,145.65113,CNMI,Active
TIN,,OCC-TIN-004,TIN-02,13.1,14.94079,145.62794,CNMI,Active
TIN,,OCC-TIN-005,TIN-03,10.1,14.99062,145.60291,CNMI,Active
TIN,TIN-E,OCC-TIN-006,,5.8,15.03549,145.65074,CNMI,Inactive
TIN,,OCC-TIN-007,TIN-04,11.9,14.94783,145.66305,CNMI,Inactive
TUT,TUT-NE,OCC-TUT-001,,24.1,-14.24456,-170.66017,AMSM,Active
TUT,TUT-NE,OCC-TUT-002,TUT-72,14.6,-14.24473,-170.66011,AMSM,Active
TUT,TUT-NE,OCC-TUT-003,,6.1,-14.24558,-170.66046,AMSM,Active
TUT,,OCC-TUT-004,TUT-05,13.7,-14.25184,-170.62355,AMSM,Inactive
TUT,,OCC-TUT-005,TUT-17,12.8,-14.24606,-170.57182,AMSM,Active
TUT,TUT-E,OCC-TUT-006,,24.4,-14.28529,-170.56428,AMSM,Active
TUT,TUT-E,OCC-TUT-007,TUT-16,15.8,-14.28521,-170.56401,AMSM,Active
TUT,TUT-E,OCC-TUT-008,,5.5,-14.28531,-170.56387,AMSM,Active
TUT,,OCC-TUT-009,TUT-02,13.7,-14.27782,-170.60721,AMSM,Active
TUT,TUT-S,OCC-TUT-010,,24.7,-14.28866,-170.63454,AMSM,Active
TUT,TUT-S,OCC-TUT-011,,15.2,-14.28841,-170.63456,AMSM,Active
TUT,TUT-S,OCC-TUT-012,TUT-01,13.1,-14.28443,-170.63793,AMSM,Active
TUT,TUT-S,OCC-TUT-013,,0.6,-14.28308,-170.63879,AMSM,Active
TUT,,OCC-TUT-014,,25,-14.31097,-170.64228,AMSM,Active
TUT,,OCC-TUT-015,TUT-71,16.2,-14.33654,-170.70407,AMSM,Active
TUT,TUT-SW,OCC-TUT-016,,25,-14.36339,-170.76386,AMSM,Active
TUT,TUT-SW,OCC-TUT-017,TUT-75,14.3,-14.36347,-170.76314,AMSM,Active
TUT,TUT-SW,OCC-TUT-018,,5.8,-14.36311,-170.76305,AMSM,Active
TUT,TUT-SW,OCC-TUT-019,,0.9,-14.36261,-170.76287,AMSM,Active
TUT,TUT-W,OCC-TUT-020,TUT-06,14,-14.32808,-170.8319,AMSM,Inactive
TUT,TUT-NW,OCC-TUT-021,,25,-14.29448,-170.81198,AMSM,Active
TUT,TUT-NW,OCC-TUT-022,TUT-74,13.7,-14.29464,-170.812,AMSM,Active
TUT,TUT-NW,OCC-TUT-023,TUT-08,13.7,-14.29173,-170.78057,AMSM,Active
TUT,TUT-NW,OCC-TUT-024,,5.5,-14.29493,-170.81196,AMSM,Active
TUT,,OCC-TUT-025,TUT-19,15.5,-14.28323,-170.72801,AMSM,Active
TUT,TUT-N,OCC-TUT-026,,24.1,-14.28142,-170.72474,AMSM,Active
TUT,TUT-N,OCC-TUT-027,,15.5,-14.28152,-170.72462,AMSM,Active
TUT,TUT-N,OCC-TUT-028,,5.2,-14.28176,-170.72444,AMSM,Active
TUT,,OCC-TUT-029,TUT-13,14.6,-14.26046,-170.71187,AMSM,Active
TUT,TUT-S,OCC-TUT-030,,5.2,-14.28352,-170.63796,AMSM,Active
TUT,,OCC-TUT-031,,2.4,-14.29143,-170.68072,AMSM,Inactive
TUT,,OCC-TUT-032,,14.9,-14.28977,-170.67895,AMSM,Inactive
TUT,,OCC-TUT-033,,13.4,-14.29298,-170.67515,AMSM,Inactive
TUT,,OCC-TUT-034,,0.6,-14.29132,-170.68251,AMSM,Inactive
TUT,,OCC-TUT-035,,0.3,-14.2815,-170.72461,AMSM,Inactive
TUT,,OCC-TUT-036,,0.3,-14.36335,-170.76379,AMSM,Inactive
TUT,,OCC-TUT-037,,0.2,-14.3667,-170.76326,AMSM,Inactive
TUT,TUT-SW,OCC-TUT-038,,18.6,-14.3667,-170.76326,AMSM,Inactive
TUT,TUT-SSW,OCC-TUT-039,,32.6,-14.37496,-170.75804,AMSM,Inactive
TUT,,OCC-TUT-040,,0.2,-14.32833,-170.83349,AMSM,Inactive
TUT,TUT-W,OCC-TUT-041,,27.7,-14.32833,-170.83349,AMSM,Inactive
TUT,TUT-SSW,OCC-TUT-042,,22,-14.37493,-170.75826,AMSM,Inactive
TUT,,OCC-TUT-043,,0.2,-14.28366,-170.56227,AMSM,Inactive
TUT,TUT-E,OCC-TUT-044,,8.5,-14.28366,-170.56227,AMSM,Inactive
TUT,,OCC-TUT-045,,5.8,-14.25191,-170.62378,AMSM,Inactive
TUT,,OCC-TUT-046,,0.2,-14.28458,-170.72266,AMSM,Inactive
TUT,,OCC-TUT-047,,14.6,-14.28458,-170.72266,AMSM,Inactive
TUT,,OCC-TUT-048,,17.7,-14.27158,-170.72339,AMSM,Inactive
TUT,,OCC-TUT-049,,30.5,-14.27151,-170.72362,AMSM,Inactive
TUT,,OCC-TUT-050,,16.7,-14.36329,-170.76361,AMSM,Inactive
TUT,,OCC-TUT-051,,1.8,-14.33044,-170.70265,AMSM,Inactive
TUT,,OCC-TUT-052,,20.1,-14.36352,-170.76363,AMSM,Inactive
TUT,,OCC-TUT-053,,8.2,-14.28437,-170.72247,AMSM,Inactive
TUT,,OCC-TUT-054,,4.6,-14.36273,-170.7633,AMSM,Inactive
TUT,TUT-SW,OCC-TUT-055,,6.7,-14.36402,-170.762,AMSM,Inactive
TUT,TUT-SW,OCC-TUT-056,,20.1,-14.36451,-170.7626,AMSM,Inactive
TUT,,OCC-TUT-057,,0.3,-14.28428,-170.722,AMSM,Inactive
TUT,,OCC-TUT-058,TUT-09,10,-14.33608,-170.70438,AMSM,Inactive
TUT,,OCC-TUT-059,TUT-10,12.1,-14.31137,-170.69288,AMSM,Inactive
TUT,,OCC-TUT-060,TUT-14,14.1,-14.25372,-170.65259,AMSM,Inactive
TUT,,OCC-TUT-061,TUT-22,15,-14.36594,-170.76336,AMSM,Inactive
TUT,,OCC-TUT-062,,2.4,-14.29198134,-170.6786379,AMSM,Inactive
WAK,WAK-N,OCC-WAK-001,,25,19.31622,166.62725,PRIA,Active
WAK,WAK-N,OCC-WAK-002,WAK-23,13.4,19.31605,166.62722,PRIA,Active
WAK,WAK-N,OCC-WAK-003,,6.1,19.31575,166.62685,PRIA,Active
WAK,WAK-E,OCC-WAK-004,,25.3,19.30637,166.65149,PRIA,Active
WAK,WAK-E,OCC-WAK-005,WAK-24,14,19.30614,166.65109,PRIA,Active
WAK,WAK-E,OCC-WAK-006,,5.2,19.3064,166.65062,PRIA,Active
WAK,WAK-S,OCC-WAK-007,,25.6,19.27993,166.6284,PRIA,Active
WAK,WAK-S,OCC-WAK-008,WAK-01,15.2,19.28066,166.62779,PRIA,Active
WAK,WAK-S,OCC-WAK-009,,4.6,19.2811,166.62803,PRIA,Active
WAK,,OCC-WAK-010,,1.2,19.28868,166.61361,PRIA,Active
WAK,,OCC-WAK-011,WAK-06,12.8,19.29172,166.60743,PRIA,Active
WAK,WAK-W,OCC-WAK-012,,23.5,19.31629,166.598,PRIA,Active
WAK,WAK-W,OCC-WAK-013,WAK-08,13.4,19.31621,166.59826,PRIA,Active
WAK,WAK-W,OCC-WAK-014,,5.2,19.31622,166.59858,PRIA,Active
WAK,WAK-NE,OCC-WAK-015,,18.9,19.32583,166.60979,PRIA,Active
WAK,,OCC-WAK-016,,1.5,19.30863,166.60449,PRIA,Active
WAK,,OCC-WAK-017,,3,19.30736,166.62214,PRIA,Active
WAK,,OCC-WAK-018,,1.2,19.30092,166.63805,PRIA,Active
WAK,WAK-N,OCC-WAK-019,,20.7,19.31624,166.62724,PRIA,Inactive
WAK,,OCC-WAK-020,,18.3,19.30295,166.59486,PRIA,Inactive
WAK,WAK-S,OCC-WAK-021,,12.2,19.28033,166.62867,PRIA,Inactive
WAK,WAK-S,OCC-WAK-022,,19.8,19.28021,166.62839,PRIA,Inactive
WAK,WAK-SE,OCC-WAK-023,,20.4,19.27675,166.6572,PRIA,Inactive
WAK,WAK-E,OCC-WAK-024,,20.7,19.30636,166.65142,PRIA,Inactive
WAK,WAK-SE,OCC-WAK-025,,10.7,19.27666,166.65678,PRIA,Inactive
WAK,WAK-SE,OCC-WAK-026,,14.3,19.27666,166.65704,PRIA,Inactive
WAK,WAK-NE,OCC-WAK-027,,9.5,19.32546,166.60963,PRIA,Inactive
WAK,WAK-NE,OCC-WAK-028,,14.3,19.32571,166.60972,PRIA,Inactive
WAK,,OCC-WAK-029,WAK-09,14.4,19.27116,166.65115,PRIA,Inactive
WAK,,OCC-WAK-030,WAK-13,12.9,19.31576,166.64288,PRIA,Inactive
ZEA,,OCC-ZEA-001,,23.2,16.68974,145.85348,CNMI,Active
ZEA,,OCC-ZEA-002,,23.2,16.89743,145.85349,CNMI,Inactive
